participant_id;session;sex;age;diagnosis;study;site;TIV;CSF_Vol;GM_Vol;WM_Vol
CH7098a;V1;0.0;20.0;schizophrenia;SCHIZCONNECT-VIP;NU;1712.3570841338098;375.529151508742;747.089338243847;586.391159029961
A00024535;V1;0.0;26.0;control;SCHIZCONNECT-VIP;MRN;1700.60173549615;399.493744684885;721.12841101892;579.44617194976
CC7563;V1;1.0;28.0;control;SCHIZCONNECT-VIP;WUSTL;1449.3273647058802;220.82529411764705;661.028439215686;566.500050980392
CC3945;V1;1.0;21.0;control;SCHIZCONNECT-VIP;WUSTL;1184.6989999999998;201.579921568627;560.051329411765;423.016129411765
CH8853b;V1;1.0;21.0;control;SCHIZCONNECT-VIP;NU;1518.19846589629;291.544631833138;705.384606034904;520.807600750401
